avg_month_turnover,n_days_per_week,n_month_purchases
108.33143446302275,3.263182191009517,5.523083131698751
101.25314186908739,5.197333332905449,5.303098300494889
60.90000211504056,3.1768705785039737,5.082450338119869
90.92681087127636,4.1847473949055916,5.272594159718261
114.93649672982413,3.3353933612322577,4.754986516323305
76.14568592621896,3.9165316248080444,4.511365628923301
70.30378609934336,4.332054673354077,4.848736977503913
105.84722270342313,4.465683690278554,4.824157788813935
85.51969655128778,4.353445648108707,5.071128270212758
93.06535189787407,3.800254314708044,4.940635078866155
153.70910508118862,3.8665573473008275,5.1109086818885086
89.2926872831631,3.9888192122030874,4.994324620295898
81.16266568005008,3.2742485394850886,4.608679102887022
123.50811449093493,4.687088265117391,5.882979925562852
46.55838581157299,3.258839774987819,4.491559683868049
94.99389389981383,3.883875142178211,5.015339041331185
166.01569643338735,3.6875028981540434,3.8092919699825973
80.23914000877531,3.781439485655586,4.874659204353433
79.63358830661474,3.9557472274570915,4.750553016275186
125.75888910643232,4.979478866190702,5.809283621507258
93.8715250384658,3.7347960388999812,5.200911092751098
69.27911627933094,4.994003576497266,5.299916798383071
133.22351541934165,3.9827699486612733,4.751787372208701
122.85583550618337,4.085660530162487,4.475288247895667
77.3346281598761,3.300255058308468,4.89025657578459
110.43596670878776,4.262477938502906,5.122463405105486
100.65732425112374,3.762683384288085,4.816115159787896
116.94714917715967,3.667532456621927,5.125644547749729
128.11658333303646,3.9833493066461023,4.799416817417277
56.20170729789095,3.7905676162306334,4.350165340718679
103.60650773829536,4.054165440228951,4.119318566632611
56.45238753600517,4.533793011246548,4.597927629157278
69.30003653855243,3.9821740091717452,4.737960530027285
89.5767228358276,4.473356442966563,5.391864680363823
88.73131410305719,3.727186864302743,4.339729034495263
109.40798947110977,4.259846823875583,5.122675263897239
103.93059030970241,3.8123813651624423,5.709049924062381
118.08270389544873,4.04720246766517,4.939345433438327
62.584928884149306,4.672909715280452,5.330090548374913
101.84068461597067,3.781288244149503,5.581741600997147
157.7283198460918,4.3850613328793395,4.987960608479107
86.16168697794569,4.748229798523065,5.54570789748241
60.54399579543653,3.7894314012414134,5.523055772293026
122.90262400286693,3.613329957416033,4.899757441479004
123.0487471347787,4.004310865189187,5.1301125152991665
148.68845250401384,3.761495383375003,5.4650268122507075
92.66990324735744,4.171372178319374,5.722384262702166
37.0550656684511,3.9793923206558093,5.413483677569321
79.0756641080348,4.060686546745059,5.307140887723172
129.1399260055539,4.35884083053678,6.1085102195645975
83.56525491281133,4.531046482839076,5.689327584058773
83.53609751775976,4.046955044483248,4.7917918551381
134.3124139338618,4.664681636495786,5.0713503396558925
146.17340014946404,4.293632955202666,5.702176063813987
69.54395726432048,3.6355386055054715,4.433003407290693
121.44279032702224,4.208829938383967,4.915299409064605
137.8632574164644,3.6343598610437273,4.781888214061667
88.28284115997269,4.27157710117579,4.590232183016651
40.29998809819,4.126421803030727,4.982913980792051
59.74605609447979,3.144981093260546,5.319613540859355
50.338085188546124,4.841228828700839,4.913410504156369
109.37299679145109,5.028497879163259,5.174105456545424
77.65986730425257,3.6501842106718785,5.7544545899086055
124.02776397066802,3.9600841061509837,5.455881335793109
89.46630895429674,4.84968035381289,5.329901888577827
43.14747077086334,3.808627226264758,4.567997819599481
127.34344711678187,4.5204124298257975,3.8773290865359678
96.98760264217594,3.0102474058152,5.262683875656971
89.79966983895841,3.925387557925473,5.628681223741283
111.5017523345075,4.142962162746897,4.9580565546758
152.65230153965604,4.1850004330531645,4.882068009590417
80.51712033566507,3.8528316044110813,4.62038341397862
131.0649785172219,3.8177166116577177,5.246233186779477
80.09241352910624,4.385294570055769,4.667757562769072
103.91254262880923,4.316694080793667,5.39581472516355
76.63993071245203,3.721039099243007,5.183717960554925
179.85468457717727,3.547210820914992,5.110662480641197
94.72187417389713,2.8501623900246074,5.004190268992491
76.54221456350608,4.1650702234309325,5.28960204984666
122.12292082111331,3.541152749039056,5.246916391871642
129.69906687930185,3.3907756544634036,4.583319922319622
91.62140087768411,4.581900060534579,4.667277842445983
64.80655401089912,3.868996570554497,5.931397835477624
147.4926593518558,3.931583204869983,4.889396830039247
110.86899093352426,3.3119444810040966,5.784055023923462
119.96517080423716,3.7094150326911284,4.884934221443644
136.12496012494879,3.2141484531119144,4.599200303552494
108.83715064014964,4.225357831131592,5.498917939353525
102.53989230561689,3.257154023392702,4.912173600474759
94.56320808305874,4.291951534436921,4.71111105120022
75.0685232677248,3.4266867359061113,4.6869812791583225
139.5496529756184,4.182357720087657,6.443106535522448
92.96627759747814,4.194073335680517,4.652549179715587
152.7930463216017,3.524428421923221,4.857120767536848
67.45955085965645,3.1800412053103053,4.486183206468311
74.07452147081004,3.516121406243584,5.267260331689466
140.31357687320997,3.6546214137721207,5.919717571568574
97.6830158645023,3.896894595311517,4.471007008352596
96.50692120703626,4.33115645830277,4.212163668841254
118.99891030711767,4.777382589203743,5.716560036551838
67.25361452365165,4.50401570563487,5.021890495474736
116.47380297167432,3.947716051150431,5.131803299845475
97.43932547683829,4.520854498822102,5.993763078356566
61.962198359018274,4.120952655147396,4.611051791547788
27.92641057533143,3.7073249213766433,5.5053265350749205
136.3450695908395,4.086398907600347,4.341693757985669
120.10838681838656,3.9529957361535395,4.923028141114423
104.79362074985819,4.253638286297868,5.141770062864065
96.66446554903698,3.5859767668464273,5.344070337459467
86.48013711442273,4.003514495025403,4.572185640745715
115.13819514465554,3.5124674315379285,4.885715939707629
141.7845318348086,4.094687958154048,5.599992847003778
95.3237368288935,4.290293419191693,5.418746835517847
60.09773591326991,3.9822945284824804,4.578605546799786
41.430314977913206,4.262411299388769,5.108449878467438
117.51421166502834,4.735050490141238,5.678323315374214
105.8235567504847,3.1131875055830314,5.38982852546493
125.61132851882331,4.14499209167736,4.294954467413702
114.84228004050448,3.922445782312675,5.169644585197773
141.36497694396462,2.6605856202312648,5.224229742524701
82.77750241052158,3.7682236954230217,4.724629837185714
94.6071717111964,3.667558758075734,4.914565819479925
105.48761983255633,4.625867705501448,4.996140313217155
128.61160184277432,3.8241058348456827,5.260529968670987
97.1982913133843,4.6944866662007065,4.8259528892041885
126.3373394715437,3.565114229782481,5.423046006789829
95.52284801245686,3.8398311568003685,4.151738915545289
43.98971190892447,3.3895936000995515,5.25484515243026
80.79908821094733,4.103716619720806,5.67238950908074
136.55809494882513,4.854915584334979,4.423225945765494
50.901353036804885,4.2122052185716665,5.5375592024919165
88.03587857127394,4.3611551549810015,5.494840459094412
67.22415944342842,3.631015336589331,4.055967806313855
61.99381068241051,4.350389721014789,5.462945205028636
74.46739183348689,3.3537607035179935,4.020616235848819
137.0515510210229,3.907255960699777,4.6393764870914715
79.30320805133883,3.7218497704909037,4.765518111830261
142.27993563049856,3.181708062982908,4.700863058901266
87.01255596217803,4.139879638809566,5.13807710488982
109.7053993347869,4.652237507814245,5.643015249092281
122.71297730796636,3.4998661413377534,5.776092388261982
109.85805258348225,4.3194737563218215,6.051759055714896
148.06178219857665,3.729823519607322,5.375752685997491
89.01048343258208,4.199342018808812,5.120721406560028
151.32805212966005,2.7315925314899543,4.920946561981097
105.55416006439935,4.157604459808277,5.69362206098107
69.72346447011869,4.5856170944175005,5.597672715718925
140.6854193313778,5.0493372201991775,5.266552048277724
133.2343218031131,4.479541007233587,4.034105425374839
154.6858964760862,3.5715106673894095,5.740085665917444
95.26842574455226,4.674127054352559,5.015444293787243
157.23151342343635,3.640159991649493,5.1371054711121795
81.43574761777086,3.3136922391133994,4.75394255093526
109.64145439896724,3.890048835434651,5.502789506947655
97.38348671506196,4.02461416043924,4.871338866511101
117.59486154542438,4.460786485895116,5.6193127288693265
88.50008790740891,3.919643387006639,5.237376526602075
128.99117554515112,4.167159144727274,5.137589705014629
32.23531159717233,4.43705568167969,5.017970154250876
107.87933732900167,3.2106014426854683,4.672936815997685
118.83005781136013,4.405038827435996,4.5962153103704555
135.85501336944367,3.373583370383952,5.12917116082345
79.77390729870771,3.835890727372261,4.762444681777264
168.9307655867554,3.8471072773345965,5.228736895799594
74.43054368583056,4.214569051803432,5.713050193063677
112.99311236419037,4.310047302431767,4.811395304453804
79.64613120547563,3.5534056611655425,4.537872486504853
81.0490504958695,3.1112636562479756,5.98359431860417
99.57994494295218,3.3694581623044,5.247357726525589
65.51439380301916,3.4826988384404682,4.895929351106401
76.49736131461181,4.938241185068149,4.895168870490128
67.2121373233141,4.153932615822115,5.202137289391984
101.21450909398784,3.8107075550791514,5.034511117837078
108.59350096515212,3.9161175148832967,4.9193996436127625
85.29051240999925,4.611581441859203,5.497190401179813
95.42102628944976,4.0063536753292315,4.767356295800569
84.47086786802721,3.814967410259097,4.966357790435924
105.64693446604902,3.1545506888164407,4.500280504585848
82.59275917668046,4.053458825496407,4.8671238470821985
28.18170694345484,3.653899049938622,5.430227193376364
132.27928379498366,4.257864664732084,4.91639014707112
99.86950619077331,4.622824119617029,4.602557795551509
123.04382934102004,4.1721481721492735,4.888209008280358
101.28185360437797,4.176744766292208,5.408653092349471
80.04977865649855,4.212595997382974,6.430815428642386
129.8737701173442,3.6201483052405714,3.9948121312585605
89.37138551756073,3.9715368060457004,5.015037712715033
83.92617742794623,4.151300646955898,4.716100905893612
96.95259045368,4.55567393886157,5.015689174951092
103.52426883238674,4.237687441158385,5.386685588978686
72.3383222655907,3.558122650828299,4.601975280227928
104.40509538109372,4.301873041415294,5.22604014828471
68.01927858678917,4.815128934026644,4.655132639398675
128.81654023373468,5.1529054731189525,5.393344692838973
122.72961453762153,4.62764637911839,4.853269961209472
65.4849920738113,3.7915353065820074,5.047696456615914
116.89550475259172,3.5485587811183983,5.091018313526448
107.96781589884992,3.2741894614579223,4.689666924637875
94.88396624755993,2.2683282739672483,5.747940693820578
33.148044112251114,3.9724950067507625,5.4986961527648734
117.39161518918303,4.5887341043091014,4.91076726485618
127.6667766594427,3.8352358585302166,4.5156615398832365
136.44843383662652,3.7233949815022687,3.8626140649323846
101.51598191920863,4.007362826729515,4.582889802158239
130.72296366340709,4.878740022477061,4.837236132598672
98.60449093952828,3.305880710410642,5.041684693677635
70.8483871814137,3.7525405123046407,5.111965339196196
100.34896365465409,4.084419378290556,6.0272843051163285
42.02422020901445,4.56494389356876,5.530637891518225
108.06503567337094,3.8336993790007954,4.730639463180851
130.8554361886708,4.211201157714654,4.86542615414255
94.48454537441464,3.5870469697405896,5.124940642627451
75.66335739834895,3.648672084404594,4.5564858713510095
110.79225457383625,4.09626411205158,4.77346760448243
120.4802593419354,4.304495495629349,6.038025430437196
160.79507033303474,4.4502854938336105,4.449478632934714
81.83014274883939,2.8431910747486056,5.713313823381718
123.95239082737135,4.385693308110108,4.704289316012355
109.75404040792343,3.4327859590790255,5.10486053467572
65.94994658648477,3.571030290007792,4.788429375060416
79.96948901151185,3.5658612533003406,4.386159932135856
118.93129069357114,3.7809346236439283,5.226408179204711
75.61725551655637,4.696370971493104,4.175424350817846
139.88226721218902,4.399403112524397,3.960541629243881
113.94427913902993,3.073875846403661,5.134883447933332
90.20546537323104,4.192416748805033,5.398993781420375
64.54687943345334,4.728180933845232,5.83521922200854
97.59142679278332,4.572054964394094,4.920497482176994
60.424214559269764,3.384519803976299,4.109805776779506
127.61695435744623,3.9970677562867567,4.267710641356015
60.089802264694114,3.8466044497563336,4.728868934909303
142.7321207772062,3.9046418513582255,5.479627591086743
111.92722391258506,3.672314396948939,5.264027940618521
90.34280706633798,4.559838871265171,5.815891820764744
106.1004944126097,3.0790885279034135,4.666629801611832
112.04939426895557,3.5636686119861993,5.042152581583308
37.26826713875309,4.540374517383775,4.887187959757434
98.13084808172718,4.540320903076384,4.358407778102385
102.49118439574977,4.127380759266278,5.745585815946512
112.1062088527508,4.054769793643547,4.234611163983345
120.05169932350731,4.705616737791667,4.454836770453725
116.64183430163601,3.167103504022928,4.617652626952619
111.49436318490032,4.287786575657536,5.152122138256641
93.29240887593275,3.6405863341101417,4.893545825263456
76.67221740884037,3.81262891409066,5.295786041555434
61.47534123435173,3.5544326993176854,5.588213159730433
98.03191507594813,3.6904933181002613,5.046108679973376
124.77128542036544,4.77983730793883,4.971320844940841
141.74753285040225,4.112509532456375,5.472884700172056
73.00565133435104,4.063711777188648,5.529919601959791
100.13481206333331,3.639420506090252,5.111331663789094
137.72992343060253,3.1726530446417383,5.2565722055748205
91.08776389927563,4.457322959036361,5.573048041286869
157.06963528736014,4.183924328574198,5.184255126259192
96.20345013957912,3.251113229280569,4.326038807282267
139.73592274404214,3.8971847491251297,5.093179911045429
98.0114742596558,4.231034387255237,4.457638520400304
134.95727599067644,4.006148931341991,4.59635926810494
113.28421846082705,4.89145140191941,3.8905623799303135
101.29665175305863,3.3877821151171883,5.189414956566141
123.63289758561803,4.073077024112935,5.569353224959491
82.32857544108755,4.592873407548012,5.4103581989980825
129.7672240013187,4.082993276645504,5.098928696489843
92.53556253111164,3.466116374255546,4.150845657489993
69.36245946419344,4.358620156113155,4.490969756069564
38.00055111253079,4.194274721604258,5.338805632176748
131.144096261339,4.40573033209601,5.442003433401795
151.0824509953299,3.9794593607251674,4.650474955568803
100.50825330933905,3.564736901628153,4.449686622113235
100.93082546889879,4.372996120535218,4.620001275706671
68.27586715869396,3.7126137660216445,5.0055733931060615
40.14574309871914,4.678199417429345,5.418694412468328
81.50081008922558,4.100015028772293,5.059722065862279
157.18658394303696,5.044130820779564,5.336816157551769
107.63668213368351,4.24006053831321,5.097721155799109
112.13344092986016,4.194352383346753,4.979216311043027
111.73007410135095,4.056475608766471,5.175165193761247
68.40954190501922,4.535172512574214,4.117152122572288
99.03244211036134,4.017806936294258,4.866512639805593
54.742781413100154,4.009448659001047,4.896949280346344
125.73756268242951,4.349247254381751,5.02088616861524
121.33022013927197,4.374080439683402,4.981156227017749
102.88324400468719,4.794829120775435,5.453621351052046
116.79083715869962,3.777148954470593,4.3436020171866065
124.55778143667376,2.965986483113536,4.233065008948715
73.0279833861569,3.765436309591561,5.127948427181876
118.2271308010097,3.5151422257354312,4.694530686895814
138.70075783939126,3.5761863480966762,5.415184302637731
112.07433269796411,3.438867624826043,5.595706356317323
72.46988124505032,4.7036141294068345,3.9680646239646267
97.52815904792057,4.464215621303708,5.84755948674363
99.17901684986171,4.402452230440197,5.347996447329761
92.92815887118371,3.2862838643119865,4.673836941400089
86.08557852282816,3.124103415481607,4.885685817103333
114.56403847141816,3.1463328141580367,4.823374297718084
101.62705627856673,4.639259504751077,5.635227393237958
129.3470481123012,4.201747499753646,5.001672842706293
51.93063886536915,4.905588450218777,4.955414578114116
103.4843841018018,4.520221984534598,5.611425792536351
125.97044584254883,3.610709773257865,4.40291851256665
243.62802716254356,3.8631183980914545,15.522409796198389
334.07196972867325,4.967722641168339,11.009073777929144
269.95276390697603,6.036558380350011,14.434504564374821
293.0377634427314,4.097041418044031,11.349347263856089
337.35316012745477,3.2855454269510775,11.406908671592385
293.15119122944947,4.81432900663223,14.668283942049692
320.01067437689557,4.449327007770802,11.646649502611481
252.12892953040281,5.45775267837513,11.826121957490507
295.7820014675165,3.149158140197058,14.241281433842941
251.22123680758597,5.522165820948062,13.238036663686353
298.14175564616477,3.172344834010253,11.346168182150087
332.4675189052777,5.991852136671535,9.970397460253979
321.78947714557563,4.074416666100985,12.033460712378105
387.3312667815204,6.477108932545912,11.734676832136634
281.38423033794464,5.376908060921573,12.71393610766302
212.4689184049932,4.331964996846477,11.690949103867096
266.7035721414314,5.699066244720829,13.485603031578313
240.37021076316756,5.346319772308184,14.830300538280103
257.3142897567461,5.138568947590765,12.225653937988918
257.81035081094444,6.621756833880122,15.457547482553862
290.970543618684,4.714089965292899,11.180472875972063
247.66806774740613,4.230090857881422,13.515428388331499
268.15741255800395,4.714495182362785,11.856904790388086
284.586831572343,3.9707616451581584,11.60942717303025
292.77724310720697,6.14648763305692,11.712063204794294
308.18077190461196,5.977716898805198,11.060007490597929
333.5917923308864,5.424922539665516,12.552804190390122
336.0281409053133,5.910295576305968,11.826797312127495
330.8319551654055,4.751690696618815,12.646139555332846
230.83118659635306,5.380448844475089,11.812537288796072
259.8746112176031,5.1757877933181655,12.812860622039503
303.6565490072688,6.316259918374224,12.970208670625967
209.92353474237268,4.955640840824165,9.997762441745095
340.3308381558145,2.7271212982938,10.117462293911743
439.6595504658883,5.937834834975793,11.205190460947128
366.0610448724051,5.040079030382959,9.911547138273578
269.7677532195578,5.750598467720435,13.534395833373326
284.65946113586455,4.76797697780243,9.96807965317896
295.2489212024533,3.539830660308664,12.279728418145929
319.7689473860556,5.853611816853605,9.771920910845237
209.0217277474787,4.558487988180405,14.139760311572594
315.3849655326542,4.871325774844626,10.527886986419185
274.76190941068,7.098762541529123,10.931729884014977
350.0767541817655,4.1270146397508265,12.735394317769709
319.044216454994,5.623874408481954,12.122997051268486
333.7207327977196,5.731997831709636,13.47156985763823
220.1148610086745,5.196860848446728,13.498139424998115
284.6485966436296,3.644049135280397,13.19685654196436
280.9821647403136,6.4376810965722555,11.197116816926405
301.8224187402761,4.49834448492181,12.17752532859572
318.0077421013985,4.511989131933051,11.721988161078489
285.23348488579353,5.319624168522685,11.08527274330256
200.0417850244442,3.8684140076642937,12.803752808522255
324.917782680225,5.675329797336596,12.187985124820136
290.6481392013596,4.810226429309867,13.049393502817956
350.265241898327,5.278533705194835,12.02809166281789
237.82345049887212,3.8211198848723518,12.914774303504023
389.3633256805758,4.4537105820169804,11.222553037960562
265.55714011498094,5.699441785840244,9.72578755636637
327.9369018416724,4.53093910960515,12.75022086881279
296.2712301544796,4.120262471630242,10.142713901970927
427.55727960789136,5.033079293411214,13.92860503662481
315.9519490166393,7.583961235442457,12.955738217512039
254.90002466708594,6.981238478411074,12.937551867310594
250.29869642695732,6.94410564575613,10.263894885675805
333.5800808388683,6.658911498075815,12.344340839552466
307.9400148552065,5.441249897745309,12.430207259584089
308.8878306372859,5.870680810902629,10.10961233227872
263.12138676459335,5.142208491226303,10.833663981072831
268.6048353073455,4.8949347464350605,9.805150335406298
325.6378537435105,6.008079005712318,12.593141828993952
337.5262925578514,6.549563963979814,13.41166512301849
260.6227473896366,5.237469169544567,10.63856884546749
347.16590604242344,4.16946131929539,11.87442940597801
312.5739150441228,5.888515114072875,10.885852699529039
417.41072384365725,3.4004906224227396,12.098221866075662
268.0711163372473,5.030834452759244,13.569274269668986
386.7423201696651,4.094356779109539,14.294605550130923
316.33625670821635,5.887375462048422,8.102184353684201
322.20635745981616,5.227487492225185,12.007249872761186
255.1978717337887,3.586665321642207,12.895499892310353
332.3554805773128,5.766262064499831,12.745390101405567
411.07128754384956,4.36193845361098,12.989634158028242
251.94948985067026,4.011035429492622,13.271041768712605
331.34243341604747,5.793094566891666,12.28567159657547
331.39694367621894,3.483527315562607,12.657219039750172
317.910241944982,5.581873435550757,12.46270392869496
264.82223825379504,3.9613568243113537,9.789786864443453
332.20545229816054,4.911972076606096,12.744662067751912
255.8385000313281,4.421691142790563,10.74516871459459
289.4025753478443,6.291218631154514,12.843437915849789
317.7640875690724,4.743854338903138,12.859482590081342
316.35420958365944,4.959506313960026,12.306205498771318
324.49728755155365,4.892039251047025,11.678807001993153
339.2786072038064,4.745681352691471,12.94772807878864
273.18598415600115,4.502086659932175,9.840685936637819
264.0617939005865,5.711677713143811,11.904152290075704
318.2681779729919,7.685392160326476,12.718507333303561
241.36862089370925,5.8382599604350425,10.407073114595736
292.71381584751873,4.351779055183369,9.641155702884245
320.52026584695056,4.8357215317206235,11.798639803296904
270.68069146129073,5.740405386671537,12.439066116429789
303.1395181128278,5.168500643260528,13.259524518491975
328.2935578774152,4.163197074325134,10.455420102329432
211.6923545182621,3.7785258900755956,11.229697024100703
331.8041276513027,5.107167654874894,11.219320600633704
318.2348083055492,6.537756543125878,12.722162722598217
313.3225745027781,5.564663109834942,13.439905909479261
341.0770237826897,4.294902398332979,10.251345436224298
373.572750684525,3.981469804620547,11.40183836549504
293.4646027209714,5.961859469087069,11.059836935671736
333.37499177754324,4.856659688029886,11.65534920760438
366.27772708829326,2.665050473440895,12.959335511947595
282.01760729879055,3.9240571173290215,11.759344326684818
422.3713298873151,6.498250610633118,12.778416974978068
305.8977059261331,5.181685321786829,13.534326633198303
378.84682950414754,5.822822675310306,10.882873127240881
296.44412974412177,4.663770123624947,9.991522528538308
329.0578690917283,5.690630892412687,12.107399080818876
298.21571131896764,5.4224451605834645,10.679556796466143
240.66183459426438,5.752862670080955,10.417402460857657
335.2910247775705,4.785117183117235,13.745440066675357
325.89386428642746,5.440034310437514,13.163640406401715
347.95768522219,4.5377090570023695,11.131757290382872
324.9798199763855,4.584220297888506,11.564574736530485
301.4565224605793,5.830409564361693,13.229063786985918
329.47427594341366,7.264101858911628,11.54856546951432
315.4970999671228,5.220564769484468,13.584631723213066
354.9196742246182,4.465862485358181,13.850627117455325
328.38322651563135,6.6008927530245245,10.562206908055405
287.21826093412164,5.456227131588843,15.332849656279967
330.7002371464919,5.393525405952162,8.170937491827104
281.83358371743776,4.5785719049806195,11.56668178846
277.7601867731791,2.5767975776858973,13.202460788565324
381.53845868524746,5.720944522213844,13.150389169230397
266.5202236654055,4.05537815330893,8.792229418269505
378.71742730863815,4.584740559412078,10.78232104985934
324.9955017234802,4.640736295696366,16.856447272378357
266.8285832051602,3.3218620808234975,11.835090537227888
312.14732664877425,3.7208864660320833,12.744089171021155
240.12647516050657,3.0777822602860794,14.324804005464586
199.46751423178802,6.101217536265547,12.412845680041185
305.50593457941636,5.931410343335052,11.362067118748524
348.38131676563086,6.6510585732547325,11.614317640683316
293.5453758051264,3.188627683096959,14.123197293382614
269.12336045706013,4.048817705688849,13.233300996830872
340.3478448272031,4.515209924419755,13.82808188706761
405.77652769422747,5.101639252227301,12.855636147467925
369.02388528440156,4.716943965667442,10.038828003281608
337.14497153377295,6.249293835633406,12.021742897089595
298.49749141000325,5.536580365680169,12.44177384639469
266.4655958191681,4.825392027963789,9.389414029650734
229.02606091508306,4.363556516469625,11.256177207905218
320.9806420303007,4.608022823588411,10.537163477078584
264.6407185008177,6.632432995489712,11.66223305862594
209.22069222129667,6.209354536150509,11.929560966988621
333.55537853201116,5.948320772022559,11.100551224483512
356.7381245578009,4.570520780335172,12.906857774073277
343.03193484730224,2.81248014842421,13.804156783890662
448.3199874688403,5.461553994272965,12.087138866998446
360.2249273748847,3.897743353918695,12.30161703408241
283.3082431572495,4.778953509478355,9.986378063237057
331.07534059874,4.835642189732325,12.708681574352706
305.67425465203763,4.903589444839895,11.526536639158163
339.3869843851532,3.6593112064998756,11.466322201353378
314.7545239801171,3.2448841549106135,13.365553306147566
212.822653725192,4.238782179177086,12.060148078402818
351.7358915590205,5.133688038558054,12.337777075719092
350.9722442470493,3.461864820484026,12.094005692192537
235.33015520815493,3.878121596497971,12.86548600595442
264.7649696054169,5.452487552880925,11.164100877588998
222.0281517914649,7.319320022489226,11.096241642719724
271.4599262043841,4.934809339791,12.01571962344021
262.7191599622617,5.773677891231633,9.850659987350374
252.2898280225746,4.1738615847419815,11.40102942855356
368.2714359973002,4.954232467927294,13.583281369229383
291.663141710798,3.837298704291282,12.777882005378515
302.65731391148887,5.878728181359274,10.457562928082021
218.76024641420798,5.420548105820883,13.750267388068675
301.00881371666037,4.994083509940839,11.822840963919164
198.50293412775198,4.247939280458922,12.483714254065633
344.4408825173712,4.948780304302749,11.472995387444744
253.18760240103302,5.413818182297741,12.17748989523648
280.3975195391288,3.884307650095387,13.303709204155235
365.82229206341276,5.4051685834133725,11.523480250406186
355.73866185690804,4.256049201123438,12.376447907570395
318.0876870490347,5.678699869024973,11.962493369212643
354.612084735036,5.123433589809433,12.365582656103179
287.78857025027463,4.579955183061797,12.14116853818578
203.1457342743455,4.743759095024545,12.455045203328677
292.9010866172175,4.690264326132531,15.762304668955304
348.7990528375257,4.757196590659072,15.714738044055053
243.85169984182434,5.59203738040181,10.880181382439726
145.1560509553339,6.889644515714133,10.401524742265368
273.53588830547415,5.152872894433112,12.008237074944974
237.0953166045449,6.773920189372,10.781762777379267
313.2421034451155,4.887347880887339,10.883388178327312
275.4807291859091,4.569308658912146,11.813400523729797
254.73115085795294,5.315344567575695,9.84389558887614
428.20832384634093,5.942066599194076,10.165739466386162
309.5411403495741,5.235165028483236,9.971743107470745
247.41125718355408,3.3260646605485498,12.758681699166786
271.1720299164621,3.441845547247988,13.622259531743163
228.38586965036097,5.20334696300707,11.050424944544918
388.04706008534606,6.586244757181687,10.51539277099242
249.2787619793518,5.078103538195911,12.899473023563207
242.86130928299505,4.945717208061948,10.47316172499783
268.6882341052246,5.714549167225458,12.393367055532215
306.61335215418376,5.86736669977872,12.975427017593494
317.7984798085384,4.874841319086266,12.53266712294995
297.0987717936164,7.104877493068797,12.743256505150994
310.22279462572897,3.404142838751137,12.518848679220316
323.42259349069474,5.3827926634875745,12.970209422586661
269.06887226264564,5.40615757782567,13.179209032978767
330.177526330007,3.182134188105243,12.361657350857584
285.7493131884823,5.837443344328143,10.455817868099949
295.3689830127078,5.459444913609701,11.630561693253137
327.2218330233554,6.486768723531367,12.27557414561808
317.1353697980393,5.682436844592319,12.571517437480173
284.576410322396,5.658340521370871,14.252878148912597
243.8662770658687,4.84195701120615,16.052249347488747
323.9786590502823,6.309884248274759,9.145176670259136
285.50800151045996,4.308820261483736,9.838893473287468
319.02515923338547,4.61074920239259,9.124098313203207
320.4636588453722,3.6997173121899634,9.889003057845084
321.4497645306448,4.362003167480934,11.221651564909354
216.24593164073931,6.243944185766249,11.120214293664448
288.49149340933025,5.032325632156962,12.94525570481665
254.41554369077141,4.013846914843443,12.023838199250065
242.26741265718272,4.999235574586373,11.23276790052729
251.4876593213275,6.897309979829127,10.40649452317938
352.4721977739023,6.513528401726823,10.30323276210615
412.3090706653428,5.5944482799028705,10.571633035812697
342.8976922094564,4.978597133120924,8.807170365717965
247.77699554858418,3.65131029155867,11.270085652591305
274.4476511738779,4.654750053909018,11.659049276340994
381.3619790068383,4.906082818898794,11.478301566199699
340.6259985391895,5.997485208262549,15.671003195499516
284.1860313900455,7.334268330548035,13.69798070289953
250.5761212515402,5.296829375757208,10.10376694249909
283.8046655976271,5.641718695568827,12.879450264787735
277.2498760823055,6.724501539561032,12.717871674653976
296.0521647904978,3.612925169715755,10.048739537966648
301.52997615859596,5.858848193427766,14.20767035047789
324.4018790033293,6.106955306533207,12.051913358741501
302.8249305264391,5.22251498339105,11.185314810500454
267.93416440641573,3.6200152190353325,12.244857159927534
321.9797169416565,5.229328354032791,12.765747871005706
429.0525029526762,5.392723709815133,9.292343172216537
313.532932672835,4.4775976899324474,10.80678098993346
271.27589963486514,4.5366658390384975,13.51167805139329
303.86652032971523,6.0530563418819625,13.165905324058969
260.50185744862733,4.837501473881385,12.136262736795695
336.2351122153447,4.419603547386037,12.21278215386682
289.4797669050231,4.093349837607414,12.550819712705998
321.6052039785851,4.174797826968169,11.585152172480251
309.3827279008622,5.063224526502592,15.171133975017474
191.30890662498004,4.586960987121041,10.504563110903947
269.3824300913984,4.041872652231384,14.06912144848088
264.76286293328366,4.162538054347747,12.021044766901504
317.03559929284256,3.9217798258440633,13.0732184472091
323.69944888811466,4.495688518770267,9.555230270553313
292.41287356065254,4.859280749934543,12.833341061657956
350.774931077886,3.911212339798,11.427615418370111
184.37240541665977,3.9713884205633425,15.347468651275392
224.68437347261164,5.070505223355475,12.2899068198009
261.44213772103586,3.306477219600076,12.407627987733992
349.78975779431056,4.418573257143561,11.23224468166963
224.7060472589949,3.2836699879796702,11.892606290167171
343.85734941673024,4.532014156692444,8.546380332247356
217.99953944790118,5.210499772498613,13.407761917970097
315.7650393270845,3.924056592233401,11.88342412026946
174.67212995687385,6.197182893506963,11.703265597924387
248.8884389364427,4.373784642547266,8.290551772373377
250.46221075775873,3.892594542012813,12.305760687467739
263.85264823127136,3.77741276944277,12.4069673227088
153.4782961712405,2.982706190464906,12.378996995040236
282.8697920701872,3.3263245897122644,13.58507848981818
321.81673217733,5.81321240956786,10.409005897276549
240.83117758379765,2.460796734573195,13.478753793292011
307.41346946374216,6.206392482899186,14.718115597317558
295.7521201865134,4.132780741179406,13.321590392267575
202.62053433134975,6.369124541236882,12.74527693103925
361.3037767835647,4.033421670098113,9.691819699451653
301.38445984717265,7.015745501011039,12.476318900119844
284.2132339373369,4.24858930079094,10.984045937067432
354.625357855414,5.166530295672731,11.764614340649397
321.4596798816836,4.134966551023942,11.499837870818205
306.25662973455354,5.791288268804051,11.084646507333723
316.5125794173603,5.344612662118343,13.32986398551819
275.3389770563363,4.863828419010399,11.340007541752854
243.3004053228986,5.236644449279587,11.370736032545999
229.99375308028863,5.580823838998919,9.70231372859897
282.6188385111582,5.886938323059296,10.32943147742861
399.42719266282353,5.744006373720701,11.409797069510853
295.7166492736053,5.2655138473459955,13.597164952339945
272.1354520330661,6.755114220623629,9.362951739697625
232.6166328219137,4.4246553158562065,11.775800475960967
356.84840282202657,5.975372717480567,11.514345426066988
261.827396622635,4.045562650367959,11.281834721189593
444.96673878899435,0.7800291370579852,1.6217898112947569
542.9872161915542,1.3162308774307223,2.632530452323905
602.4256578724511,0.6049953942236161,3.364539601261674
0.1,0.1,0.1
595.1813612181593,1.0880048151391986,1.500332749915442
369.1968015192114,1.8772681833357248,3.240372107404767
545.7374470191668,1.3707209947282568,2.672758411711465
669.9231371271906,1.573209963977378,2.8122231367356156
307.16289893145705,1.868307413111648,1.4544851013759053
558.7635513143673,0.5528486779527133,5.138650071752326
463.918731795045,0.18125788199745563,3.020417473986128
451.7655484418968,0.3972015040310485,3.9909303716233833
395.88398614953724,0.9285793699078861,2.887835682812757
0.1,0.1,0.1
569.6727917085386,0.6286701899112834,2.5450522228893613
623.5911095456015,1.0096425086499274,3.9219544794109122
498.85178283553233,1.4514333233780987,4.36931739087435
358.55893321161994,1.072010830139229,3.887874167290471
478.5587312373396,1.224866195527542,2.0314138089764033
410.54701657983185,1.7986390216705117,0.5628853745784577
0.1,0.1,0.1
408.16910073133266,0.8180192052220724,3.995901723182147
0.1,0.1,0.1
537.2964353546938,0.987945418507863,3.4795747992242325
0.1,0.1,0.1
493.23490320042276,1.1024338281494357,2.3259170939932696
460.97377985642095,0.633629559119254,4.2476641933764325
310.22172352867653,0.13520756084865504,3.1895080483372924
402.8197102457612,0.6629224309074664,4.460270444902921
413.6220799037736,1.3580305618587971,2.0613356288263223
493.9201922536895,1.91620694187243,1.8749361311453552
0.1,0.1,0.1
638.1137009593378,1.791652702821367,2.7855518376525445
477.1112415631757,1.3714934877946854,3.05841313506927
690.39044418925,0.8051411298357223,4.20955836293113
424.02583398536046,1.8552516338230745,3.817754009070712
0.1,0.1,0.1
427.7924624963347,2.5059003534162434,4.09200515524354
489.4725813068096,2.987805716046865,3.148764274535519
592.6870749456639,0.6655972967473108,3.070048124673174
489.6810187891429,0.6220873973549863,3.0659360614240105
427.36966414038534,0.1682514221446344,3.146333040627201
511.2953705833474,0.15570406578142948,3.943847687693333
549.040797566714,1.8228663587289986,2.883817339712489
331.53915055973596,1.110861761297698,3.1120402465996664
427.9283275688061,1.1715879101476354,2.6568913341277667
468.1218624827663,2.461334967706311,3.4486391066783035
487.493907888997,0.6078462393504607,3.2162830282526302
418.03045956516456,2.5999741889158887,2.946096528835569
477.30745193912315,0.7529967556308537,2.985147856331383
592.4564492776188,1.0343888335540807,2.292683713336243
632.8234560557047,1.0815580286902837,2.879042616254666
382.4395708664051,2.0468196554499967,2.0663993747157416
502.0308241913449,2.416517980529618,1.9201990510831823
541.5922565598933,1.6691318661324495,3.445948074279987
544.8694686604601,0.16482061332333575,3.0388116305417605
0.1,0.1,0.1
437.01624156144004,1.1827002489945162,2.924424851183534
560.4417900211365,0.9624264442926816,3.113116829305786
521.3156141170596,2.2096221738059354,4.336791532518198
495.25611583065813,1.1574548479521791,3.537190932689966
432.56891627075663,0.18063769228659943,0.8770454121305455
0.1,0.1,0.1
575.6688106618549,0.5014877478183732,2.876924309775034
505.8895330480317,1.6754756659971304,1.9587921071563115
458.7120060080523,1.86230424052894,2.8078959407898623
0.1,0.1,0.1
642.5989074759239,1.0625026717140442,4.134193565072967
585.5362822697363,0.2722214714518397,2.699967194623695
502.6825672739244,1.9501096623468395,2.426222475525858
530.0588817017804,0.38536444938243797,2.4119710161214565
499.0824009820232,0.7501488698964153,3.444532880814432
532.5210984225547,0.8273316322467409,2.5560800794743237
510.0895983451606,0.1765004338556897,3.399224648590857
440.69020499826377,1.888533086969094,2.3004836658772927
489.10303756663365,0.22659863584192552,1.4035730487247715
0.1,0.1,0.1
403.2657169688911,1.0382373387452606,3.8212309041075856
0.1,0.1,0.1
584.1661686285455,1.0709583121795143,3.5523687732871183
437.7890065876242,2.1111217455184503,4.641274394655397
0.1,0.1,0.1
478.2338995208489,1.7250688121990525,2.0144029394064455
561.872393719652,0.7622845850158924,2.0048147924203112
278.4332596142566,1.3773292482454234,1.1974439053533368
462.23290713276225,2.1147460730406715,2.95865686291854
460.7143561391972,1.9989547964384315,3.95999810054159
610.0897371859129,2.0801503848348544,3.5782253715385237
575.9719551802906,1.2754925932413486,3.5011389555136487
0.1,0.1,0.1
561.772881149548,0.5731206505028323,2.8366977925807744
354.98713810018427,1.590573817498569,2.5561889698131854
370.6107996046455,1.5350835398097473,2.7737231208835436
0.1,0.1,0.1
640.4349912530106,0.6667567370418985,2.9076971051435625
474.14174980716564,0.6230140033816824,1.8304220471174486
603.3867141854439,1.2110265687959165,2.3125817126151453
635.9337516048512,1.0430805766744695,3.775140951965919
447.41810074189016,0.5219782353981284,3.184770112130474
0.1,0.1,0.1
339.7374882893092,1.1812501067393197,3.6007502569838925
627.7705609218937,2.3817424048047107,3.054091372674182
0.1,0.1,0.1
584.2591182516295,2.3500652385558185,3.7208013337231245
0.1,0.1,0.1
348.26945514629426,0.5164649340583407,1.4704591230847772
611.4840317605452,1.0359186950437171,4.050682556623686
399.16866993720885,1.3298769450723569,3.663162092736503
400.68499747356594,1.535954748839114,2.785402494270393
476.14217515984836,1.9031273318969384,3.583813362820846
568.702985095448,1.6655810655888401,3.9138155870983233
386.5084347683134,1.2826387558516732,3.5877729455331386
0.1,0.1,0.1
555.7568283509511,0.34990835336011117,2.755941886168545
0.1,0.1,0.1
467.96018387196443,1.0432943830692807,1.4013049099105843
448.2343119846203,0.5009505746955707,4.203328562258141
488.3862283437907,0.5310197855671981,3.9949762102764965
481.78860551949754,2.2559553796029794,3.9023165190254385
456.8800312056156,0.7574096891173034,1.8728319713456107
540.609828994954,0.5794399472197231,3.484316859540101
705.2183637238039,0.20374035402320323,2.235658002436151
457.9585527105126,0.7028272446871437,3.02386222560396
345.0718398435155,1.268919665433332,4.568142601475388
516.0348616339556,1.9946477880703197,4.485662642525192
0.1,0.1,0.1
542.1401819397606,0.5918565457249035,3.483028097277068
618.1303407263147,1.6533916165996385,2.783955305513458
500.4659249763524,1.6221128333607195,1.8963403462019914
404.94700417725096,0.5045156422199308,2.3825703181040176
419.5571315350001,1.8796583829136289,4.0790466870576
424.4099498095306,0.18399558423254048,2.6503010062146544
511.67897938486414,1.9869183386435978,2.20116679806322
503.9301237303614,1.4889922308490136,2.963281630912482
416.8669841487899,2.0531112353444154,2.3124254241407867
0.1,0.1,0.1
0.1,0.1,0.1
750.8505900588286,0.8040120677780558,3.1840355277541272
504.0727212147495,0.5560786525862221,2.3086937150318634
394.95308253691576,0.830241411881018,2.9122902121036183
446.47961686139286,2.3967867537255922,1.9683628207318273
464.84180389008793,1.0444891005288306,2.304237061772796
367.68981051928165,2.5214623730955448,1.701498235636808
584.6889120815912,0.8494716382034171,3.0495640731143276
496.5612623840292,0.8014360979298742,1.4334073992306908
0.1,0.1,0.1
562.1934203823041,1.936207215289445,2.1204030323587553
544.6391078820084,3.082153513252083,2.8924168143213245
0.1,0.1,0.1
0.1,0.1,0.1
522.2557541979905,0.9024229910989976,4.125408060040954
0.1,0.1,0.1
0.1,0.1,0.1
361.54760984771644,2.272982380352575,4.184972829714914
0.1,0.1,0.1
629.9213517523779,1.1045967181885221,3.938227478444637
472.5092953226479,0.3510245518357954,1.754084401945682
598.7609771573933,0.8540573020796853,1.5976158073611637
316.3146674812692,1.0507778881881504,4.015027302576557
567.2294545042263,1.4084479466108413,2.4083863699675385
485.2450738484169,2.729173004197156,4.526630552379713
247.83973080838524,0.6257262370219324,3.9083114091518985
560.7587596136284,0.705246054170263,3.0885163084408935
0.1,0.1,0.1
305.94882584150776,0.5314369916723869,2.8951464488234357
0.1,0.1,0.1
531.0843976834087,2.3805811015390823,2.3858483663602
475.49478548847,1.430988941500465,1.4543545092049257
0.1,0.1,0.1
433.3104595143724,0.8114940375899292,0.36904558512452423
539.3303238357221,1.4734343390588953,2.170629661740267
608.8281836699745,0.4350758539152173,1.3052174423874892
0.1,0.1,0.1
0.1,0.1,0.1
355.6011589524584,0.5054946303598618,2.1662049576904634
481.2173374901487,0.23358213062495492,4.538334440753591
0.1,0.1,0.1
0.1,0.1,0.1
0.1,0.1,0.1
0.1,0.1,0.1
488.86082627417557,1.1117824806945242,2.118149528422393
487.4087580559939,1.2791441228939797,3.530902505663331
569.1688793943521,0.19650414448415043,1.5611473755469207
494.86218137588554,2.2426969324465755,2.251519453247604
0.1,0.1,0.1
407.3795088820516,2.3723014702326743,2.0222619268354967
445.1229182413227,1.3541191523758673,2.6288397845722313
573.9515608500967,2.2547573937921355,3.3142085520802276
505.6050894944938,2.12035288995789,1.970792807015392
0.1,0.1,0.1
436.55092685864145,0.47362212070366594,3.0841521788052537
477.9804483704966,2.277723029623215,3.7624378289746616
513.861063328636,2.3910855610391817,2.535745105065947
591.7549329991052,0.570554427437191,3.1014331670336412
0.1,0.1,0.1
486.84312557975915,0.47678774509880073,5.114033849609285
475.01453483183934,1.2004537674283196,4.264972723792765
541.3291770298711,1.4615640866711153,1.8632947317186797
0.1,0.1,0.1
640.0011468299508,1.4240381789822072,2.5286265773355114
0.1,0.1,0.1
457.78557473146356,1.6203422196940802,1.478527528429623
580.8791450561929,2.526386648276717,3.751690009383379
350.42953964869105,0.9945287492145214,1.3147097534949157
352.5475352077097,2.344805799339897,2.69554367037062
465.0114542208316,1.3509211534400416,4.1057953535528515
493.75027437953736,0.6287469747652845,1.7845354862439438
539.7527263607452,0.4211071135434078,3.752715371698411
721.4767554778186,0.6566182426470982,3.449803303140778
365.24347727950396,2.261521364153622,2.2647447743832463
502.4047132524656,0.3309510450888127,2.252925392474946
452.5385668159607,1.3438055544120664,0.8466109947184348
662.8448847168575,0.9288853125251041,3.575799371809565
617.5655000808014,1.8678343652350589,1.5436979720201698
663.9601374852383,1.1608855982852104,4.20973474547448
0.1,0.1,0.1
308.7627343803383,1.8112271175478076,3.2098791481723303
577.6194598256653,1.931771336014429,4.490819081787687
479.7015999349133,1.6402439427466027,2.98670676721499
461.49610114419613,0.19220303279551554,3.397755731595603
633.509185999726,0.8969333942261161,2.426217015816544
622.9013353689222,0.8630204446963171,3.1579223832554053
426.2450346211723,2.451276986218311,1.682942223667706
507.4262283085014,0.5188346449698107,2.8174064545836095
706.1216011080828,0.6220043380710827,3.7033391382708887
295.4125096463671,2.3393101413136304,1.2364323667665669
446.33873125082823,1.2926430936358944,3.6021393298968025
0.1,0.1,0.1
422.9680506832279,2.092885742627138,3.07204806442843
550.3244506764387,1.1261563041979252,2.085320892615215
793.7345931011942,0.9747096183981081,5.575895372236143
524.0590104136495,0.13471332776445,2.668196071069742
453.1796857216977,2.826997715938257,2.9484956421912654
460.9563252405512,0.9314858362548788,2.71766326593929
628.3130510083349,0.2002500322842654,3.357876775730754
550.6473002148132,0.6024914380641273,3.688529319619025
756.257820414034,1.261100358126915,3.3602952702833973
295.8832344747367,1.4458631609899073,2.918495235144221
318.1421017693727,1.300846150038256,1.3104186401382334
0.1,0.1,0.1
510.37585476828684,2.3276095636309315,3.507254736134361
491.38635613793343,1.2299603952990996,1.6381857292885489
488.9351276782816,0.8833251530221868,2.813793571508603
475.4855095443128,2.660869721432232,3.4839551617530597
387.1791262525305,0.6572406002538566,4.848903224670533
328.29578227709777,1.2827841937920783,3.7048496295030224
541.2406194710641,1.3069209118351925,2.7751150487172738
579.6878624931775,1.5550783975016562,3.4202458918744165
538.2506731143117,0.8245424749359063,3.866377446418202
568.5377615850925,1.6125062418092844,3.802432819836448
541.7979833617098,2.077806277220141,2.866721102965842
481.8051104722709,0.1857715937010591,4.541142213433031
0.1,0.1,0.1
524.9771270025001,0.5543052207882044,3.0240038662194078
403.2203406338076,0.6775264110778532,3.8723375268147096
584.7516725689671,2.7771051493567667,3.999669739213218
539.1168827688725,0.6768880473066974,3.4269381014497804
400.5162532353245,2.2608641044379043,2.9426787290145424
522.9974127974391,2.77955208717569,1.2775450160615014
0.1,0.1,0.1
395.21138034991014,1.1086694354014652,1.208598509997786
0.1,0.1,0.1
602.0107913724352,1.6108747485411667,2.2728111410042757
556.644619014357,0.5280051647594138,4.284431413809297
687.5255191986889,1.6623076855076926,2.158681832757442
368.4583828261376,0.6323395229613649,3.7866841375134594
496.7046207291237,1.6229954600984813,3.679356551126749
0.1,0.1,0.1
508.1650594448045,0.6334572970942376,2.843480508951037
384.70932070121023,1.3342744479228743,2.7810406528432163
0.1,0.1,0.1
420.6989200091549,0.18918140048473076,3.387064430069276
541.7665399863188,1.3901428650752177,1.6695976682327183
460.6746832718191,1.4387967075573447,1.880448688769664
0.1,0.1,0.1
0.1,0.1,0.1
451.0064469902618,1.5640368788727463,2.7082775448855276
497.7216908240061,1.1415434752212026,2.598764699630472
503.0429819626637,0.3581761993827892,1.591424488885378
620.2305352394224,0.18784351798665866,3.6702404570695206
659.6808144197797,2.2900670878320097,2.164442337714303
0.1,0.1,0.1
487.93793170073826,1.238289233859132,2.397092499368713
0.1,0.1,0.1
585.98608010922,0.13308380952075116,3.7907176897590955
669.2475337073437,1.1581223008224728,3.8188382518413118
0.1,0.1,0.1
607.7955223931747,1.1996246846769636,2.660754252149812
0.1,0.1,0.1
418.36123657756343,0.9421032009585529,2.485316028406179
380.49994712911183,2.308468018438277,3.2750045699556813
0.1,0.1,0.1
580.515475266324,2.6136195907705218,3.3045624349768152
479.67652438891037,0.42837307666535096,1.5751824407957322
415.1878782046391,2.0344681180632045,2.5004264501140803
463.63900641075446,1.4133557946038735,3.9090251037728043
617.0597270990875,1.717543012527954,2.5104010390317697
549.8281266229353,0.350466904765964,2.093188301009775
491.4197402913417,0.6006853605916188,1.917685956142747
0.1,0.1,0.1
0.1,0.1,0.1
0.1,0.1,0.1
79.40678627962399,0.9208777255091496,1.868490992812925
4.485383835667477,1.1131204677150597,0.4408636855448127
94.07860341734505,0.879675113899687,0.37459078305653837
-2.7031134941012738,1.027597431951818,0.2675861707360685
0.1,0.1,0.1
55.8544789170662,2.061271107571577,2.6032903611661844
61.40885800932729,0.4798434350229477,0.4885423134748327
79.88995499117796,0.9680493188292992,0.2956987983665015
53.85178866981732,1.1948174577791455,0.8180757275584628
36.884444803253906,1.1991728900640843,1.0222331931917117
0.1,0.1,0.1
68.3619240914794,1.4139023354421247,0.33017730733132533
63.39965446495226,1.326396450239429,1.1727290475858425
52.48190355766456,1.2983964470830123,0.8347412242947694
14.010599391814893,1.705660285897379,1.7805716224874146
0.1,0.1,0.1
0.1,0.1,0.1
128.42417464831723,1.959540589436822,2.1993298478662995
147.6509946374371,1.0085883642956792,0.9900277501651343
0.1,0.1,0.1
21.614519008568905,1.5162818779442175,0.9856220700072003
108.62389872894217,0.9300011087651728,1.9732755554447783
39.579266799879534,1.529596715289324,0.9607979062294343
89.01733183259299,1.3398865146432368,2.652778897873228
127.4065443612802,1.2637372319654117,2.0623674887991763
96.47849122150717,0.26069882282850376,0.4556949607951608
119.86338167773478,1.8769007282633505,1.3997075321751706
0.1,0.1,0.1
17.241128470644696,0.5771141355638256,2.928984182516892
0.1,0.1,0.1
43.31139893643525,0.9757426517515719,1.5677049619171302
97.01920112783489,1.2344001320728064,1.4125353179224567
77.65367581439638,0.9567850183196418,3.457746523366979
150.53447869610312,1.2709633797799536,1.6763895350305251
0.1,0.1,0.1
115.80368835742247,0.8733365960465683,1.7896759346630384
89.73690505978523,0.7491600793047242,1.5610511990313394
140.89695636967377,0.592419134798787,1.8914719825363493
88.17221713016771,0.7571284784079453,3.027002096763903
91.16947501504328,1.0747960933065985,1.3831166475100107
93.05050913381397,0.5582552814474495,0.7556832952932904
82.07955033733478,0.8634138543998664,3.2444517208651438
55.80910953107071,1.477835003202333,1.645441016356873
111.31011664633684,1.4456180935777683,1.949749734995894
0.1,0.1,0.1
105.87955897477441,0.42960881147031427,2.5809030642495197
0.1,0.1,0.1
105.77667719524108,1.193979375154653,2.4627458516243195
0.1,0.1,0.1
132.25737160789623,1.277045693701678,0.10548663841366712
76.3690857150429,1.128204157875169,1.8986140798056383
93.5249452594688,1.5683070098648613,0.9802055578029347
81.65999445139711,1.063475279712668,1.5717621594850621
42.19711694540792,1.4274299271511044,1.3038388601840132
70.61379237779585,1.4024472968604866,0.6715046642771245
47.25971129283578,1.2393065337659517,0.9888853633889547
-41.44481779903532,1.519262507275743,0.2618611925381241
104.6444640175258,0.8744002943828745,3.1131516481423875
59.50207535041378,1.5669057514140539,0.9540957037604236
84.12751959417318,1.304986493531826,0.582327809250391
90.82073164762795,0.4661822011836958,0.7757846956302009
48.74348652458754,0.7722511320863379,4.6047695188958
22.9607763175117,0.693038693354625,2.247908687460762
55.81027391528367,1.785152270689955,1.2773627193613923
72.29828263684043,1.6278948177628285,0.7808960178380701
0.1,0.1,0.1
127.52474194077101,0.59058551998209,1.1411173490172402
57.09517470887913,1.2238036429058607,2.3388093625957396
99.17762846768865,1.1240245356599532,1.2805973292533366
70.68992080181161,1.2943262003915306,1.1929417119287629
109.822155064993,0.620074350288867,1.8744814311469438
51.04342832497778,1.0506828565837498,0.7482387191424953
114.85498287778478,0.5253760449573218,0.9531160806838168
0.1,0.1,0.1
0.1,0.1,0.1
62.91109160582843,0.7061806576590375,2.940786085495885
11.465649638874453,1.3554741981889262,0.6222760564532939
0.1,0.1,0.1
40.617232503312316,1.3215378032945697,0.7799684433172762
42.45642012908468,1.2864486555678594,1.0764043325004367
79.44630136413771,1.0284906133206053,0.6833634977197129
0.1,0.1,0.1
36.504487916881565,1.09863507573438,1.4226819927125005
0.1,0.1,0.1
95.78196557757069,1.9383976826764164,1.7972933935739892
110.62480979827578,1.557049557450544,0.9854805076510889
62.10767894805121,0.7545873831094279,1.9676895139102115
47.23251762568546,1.5618000513507924,1.9316402031808888
83.77339194509057,0.8602861278150592,1.0065776481435482
13.26619873980394,1.4162089496830756,0.9060283919225627
40.63114942249034,1.444261360487813,1.0897684426343457
95.08746011649986,2.0572978461570717,1.4068685267383403
0.1,0.1,0.1
159.22622178305068,0.6479756060108917,1.9097270347793815
145.80685351558589,1.003202796265722,3.1965961696293643
117.19167926480515,1.248635480092437,0.3287063156404062
0.1,0.1,0.1
27.10822839952283,0.13426651503130438,0.9190214481390101
113.68554140087943,0.5523614746308183,1.5093378599281393
143.3628018807186,1.0525125809318303,0.449420008843076
57.83690134015583,1.4324563122205693,0.8573323740734613
79.44333823279712,1.7490251968879122,0.94907215558555
84.13034686246326,0.9860533524089898,1.0124981018392678
34.068973570807785,1.426396484741982,1.0141512939434165
107.20344045894586,1.360941468664727,1.2747914170318786
85.04467483447041,1.3456256627966008,0.8494185589508634
32.298305489550415,0.4941062219620548,0.1406247295063735
131.65840358815166,0.7317803784131622,0.8203686142451769
-30.163331057588394,0.6808069816417779,0.3718735487224403
0.1,0.1,0.1
0.1,0.1,0.1
89.37716079317165,1.3389506270774798,1.9296736281644975
106.1535409583146,0.9713625947733221,1.1863718838026278
158.60007685269687,1.0901547645218517,1.2821751845082638
0.1,0.1,0.1
158.88357530226455,1.1736739047151918,1.8400160437436486
82.84392301747036,2.1642372576459605,2.236239599890564
52.886360662507386,0.9699150772554008,1.2299986160521432
84.03911896685489,2.314212082489216,0.9582776476181849
203.59710283347104,0.7781746851956866,1.1051689081236191
71.04576534346884,0.723568960787883,2.8272039472953945
114.97108852119095,0.9926363676273222,1.4061114163433384
75.45460285356369,1.4440571868357037,1.093153092974969
34.576384477196925,0.4554424230653946,0.7422333057065971
104.3785804300702,0.7555409380964341,1.593186352593912
17.73394997592967,0.8728893889631925,1.2257190582476936
61.896509811711624,1.4279340946034393,1.4235696495825363
38.769230265563415,0.943120129697421,1.0511276925774302
0.1,0.1,0.1
141.24167226124382,0.818822885070029,2.412023785269408
119.73883860386533,0.5418965033983526,2.418804697312564
68.11870258018932,0.7459254774187032,0.46450277494626446
56.91434155595985,0.8551292672621835,1.2354736824670443
0.1,0.1,0.1
66.92442169136795,2.0386092118678505,1.630626189622831
60.073545982914325,0.7983991853124428,2.3510880879427796
101.84994963370151,0.9174578730031929,1.0045753452793438
0.1,0.1,0.1
0.1,0.1,0.1
177.00455840569987,0.5402875687615796,2.628927930040109
23.264200234947204,2.0483759277677445,1.0427514917680465
88.92496620474199,0.37580049999284526,0.7165233707132814
46.739841611960635,0.3640565154569315,0.9004784144144207
82.02037296487717,1.5068939621357575,1.4326004256420704
67.69727151792732,0.9895438854462602,1.51919462697318
0.1,0.1,0.1
131.48190737971285,0.8535752668998845,1.4854642527118949
118.6021113792303,1.278285707461918,1.9364676691781675
14.525259880644882,0.42591377881818293,0.9335466271562534
122.128295465823,0.7728246902548634,1.2685817257866987
0.1,0.1,0.1
141.311405338803,1.736696865722077,1.7176220894497058
115.43757180576293,1.1607800875867866,0.6828621359629046
78.05652880749838,1.1645185357141818,1.8335538308216104
35.518514182773174,1.0419360966413405,1.188898845521436
0.1,0.1,0.1
0.1,0.1,0.1
64.7785357128494,0.6482700445716576,1.9166795445444094
109.24839278246235,0.6215372634704932,0.7828063445148019
116.00926900308993,0.5369164874467565,2.220374710958166
42.01960275384814,0.7987741136579365,0.46817488642903715
93.040415455693,1.7774526690493626,1.887191757108086
136.48273457599498,0.3215802307983133,0.22695751204959969
58.44433196672516,0.1602056484770209,1.5204895981652649
127.19953936852367,0.808288499149452,0.8680258060107993
81.71880514763384,0.8180249865415095,2.631853013307123
143.50959774899835,0.9123108856423011,1.8337201349248102
107.10614867986307,0.7649234446513944,0.18610542999357682
0.1,0.1,0.1
83.63285018047988,1.235602324581631,1.6332636983370499
0.1,0.1,0.1
55.825141697384865,1.7761348772918621,3.0227596122680196
92.27215222186265,0.2096745879572247,0.7147556450491674
72.45719119713772,2.1405179358621815,2.712413255120098
0.1,0.1,0.1
30.53416893880304,1.3067783877643364,0.9379433991428046
0.1,0.1,0.1
80.82141361097231,2.017623141377301,2.5975892849267046
9.477667428997577,1.2692858502431554,0.7134042159329257
66.50240934829336,0.678269910628083,0.31384605189543846
0.1,0.1,0.1
105.59290022195646,0.4306600020883198,0.12219820083169786
-10.391823873385121,1.273873376683766,0.6527348227634203
109.50665622500564,1.044279238956033,0.7062993268866282
76.95832601993366,0.7549174067474356,0.40512357814188793
0.1,0.1,0.1
0.1,0.1,0.1
95.17206381486676,1.0510091304533749,1.253032244217354
48.43228209433359,1.103284253299982,0.28853896645005084
17.508235128526138,0.597532668026704,0.9525424037206933
0.1,0.1,0.1
49.6236937049558,0.8456571708982865,1.338860775811451
79.99006408807547,1.2738818740762656,0.8815112523884389
151.43405447855636,0.656762912793109,1.9431933242713257
68.29281445410896,0.9830966574646017,1.1494564898644584
42.27062741828623,0.7291219175085638,0.9939388474169586
84.16863404310665,0.9229929471521244,2.7456845342880074
111.85144392250653,0.8198486233330544,0.9872449148569106
99.85068516912558,0.3585140137797024,1.6374328379844116
0.1,0.1,0.1
0.1,0.1,0.1
134.11481696024987,1.4356718593780324,1.5798506863085646
0.1,0.1,0.1
79.89626334641692,0.29109497620128855,1.060629486698881
98.94193324556382,1.0186034914633983,0.9033261211086313
85.55932822342645,0.842384420466476,1.087319871233866
16.862273177670815,1.0595809614872438,1.3902140928556501
0.1,0.1,0.1
38.20921319689863,0.6600412925097549,1.8762129110224293
43.409673787672254,0.45557102394737103,0.4446730323671835
76.8388103289043,0.3969857825147325,2.1333322949587172
0.1,0.1,0.1
66.48630311556983,0.6981280049881247,0.6677031720924209
124.5569264545965,1.5180385893723995,2.3525731764347038
54.23121437719063,0.7084952440673606,0.4893445715965331
84.15651282267297,1.317503738082035,1.3643119368792238
0.1,0.1,0.1
16.741526481792704,1.6543095347217338,2.3539448600471595
0.1,0.1,0.1
66.66575159751457,1.3213632276941387,0.33829564265307255
89.01746232993624,0.7327611168661758,1.319689511663265
92.61516574613798,1.4534865694794754,1.0218208190000688
144.5874961591312,0.7784914582094816,1.338502141786151
0.1,0.1,0.1
50.741385940037375,0.7681264626375014,2.9484313652317096
99.44882193580497,0.7955675692324077,0.5235373603736899
76.89905742602801,1.0944228830923146,0.8783449770523917
58.76961144029168,0.6097105285134206,1.3582301553142933
45.633712022067854,1.1175490741710024,0.9787883121727491
92.74666587476219,1.4363486303867021,2.82726276130684
6.941124585358921,0.19153224128423585,1.676118657057543
79.14032055691555,1.0079413585391273,1.5117743073098673
115.61831557236286,1.1048424779423733,0.898016277781031
84.4385852978877,0.8542253535119722,0.38581469811981883
91.37742896893815,0.6311611496800713,3.0561840521381747
72.38099506013752,0.9666152861145385,1.1039906108215134
96.97653486176175,0.2939785635814667,1.3241830681562603
109.14365447506789,1.1718590761791459,1.0826769628479658
0.1,0.1,0.1
36.34503463085774,0.9070827339025079,0.4991523183016163
0.1,0.1,0.1
0.1,0.1,0.1
84.4752584001648,0.1012924668395635,0.7441924962597514
93.4318819573002,0.8452599143574101,1.7923343772525846
0.1,0.1,0.1
91.39471817334854,0.5996175153909151,1.436892138647942
118.28255497534249,0.4711300305212893,1.6774004250325407
0.1,0.1,0.1
48.47438219139483,1.2636005207939929,0.5813197752059895
70.87074753846277,1.8246038169680736,1.7139681800175703
93.03710390917402,0.609495475330843,0.3703669676727994
94.10690493338447,1.6553633342914835,2.0323406966939483
0.1,0.1,0.1
69.954473000806,1.4660007242359412,1.8656824916729167
107.6738994043413,1.574642889165062,0.6928656881983639
105.5611639679654,0.7361704101433004,1.3181279906137076
64.2258842286585,0.518068274776075,0.4755617095721226
129.81994212571277,1.2756701271516622,1.1294624980698713
48.25260995304188,1.3207203727950825,2.764924438241597
-11.077899709189737,0.77856313037666,0.44741024928156736
0.1,0.1,0.1
223.52219862455,0.7248828412988488,1.0258955477997103
94.66465265654936,1.109498090876054,2.6003028113571762
0.1,0.1,0.1
46.45162143127513,0.6839156289795352,1.0908714835255355
0.1,0.1,0.1
125.62365652960108,0.5839844524874264,1.0754969702000898
65.83008385436335,1.6970702599024388,1.7877350754859038
41.82504622197237,0.9283719738830949,1.9105119976992475
15.661883997845507,0.371872498748161,1.8979239580858538
35.922282938524894,2.1050700949825147,2.6998859202962313
98.22343167174704,0.9084923378605728,1.2529727901194128
92.46846560405284,1.8380408072412076,2.279821794892301
102.59018264727514,0.8760680704530326,2.538864511228308
0.1,0.1,0.1
0.1,0.1,0.1
94.04709645777663,1.1536576910817415,0.19667509376325165
75.70156290947774,1.0303896835347912,0.28132647853804005
66.79769896292001,0.952384227826115,0.8773269382004905
45.260684405946854,1.014451382575824,3.4331830772377017
0.1,0.1,0.1
35.784648611944704,1.0772161762647852,1.8285516061261726
109.00624560986057,0.3830501925519195,2.47268223092751
134.076252264001,0.39867656537279217,1.2797820811655989
158.15489881724716,0.5714143810117064,0.6304142713074663
98.42829219605663,0.17004319540235213,1.4481871274967093
86.08350638007707,0.6370410152059399,0.4896829713523777
0.1,0.1,0.1
72.87425107549764,1.5572567322127324,1.2029397815643375
0.1,0.1,0.1
84.13930865572135,0.7033546664583648,0.5680121106788605
0.1,0.1,0.1
0.1,0.1,0.1
98.63612075853219,1.5960218610906232,1.854474138009882
118.70736806856719,1.3150342946758313,0.44694314573042104
0.1,0.1,0.1
0.1,0.1,0.1
0.1,0.1,0.1
